Date,High,Low,Open,Close,Volume,Adj Close
2020-03-19,12.0,12.0,12.0,12.0,100.0,11.800250053405762
2020-03-20,13.0,12.0,13.0,12.75,2300.0,12.537766456604004
2020-03-23,12.75,11.5,12.75,11.539999961853027,18700.0,11.347906112670898
2020-03-24,12.899999618530273,11.5,12.899999618530273,11.699999809265137,96100.0,11.505243301391602
2020-03-25,13.449999809265137,11.800000190734863,11.800000190734863,13.449999809265137,19200.0,13.226113319396973
2020-03-26,15.449999809265137,14.0,14.0,15.449999809265137,76400.0,15.192821502685547
2020-03-27,16.0,14.550000190734863,15.0,14.550000190734863,486500.0,14.3078031539917
2020-03-30,16.5,15.25,15.25,15.899999618530273,210000.0,15.635330200195312
2020-03-31,17.25,14.5600004196167,16.389999389648438,17.25,461500.0,16.962860107421875
2020-04-01,16.0,14.5600004196167,16.0,15.050000190734863,2998900.0,14.799479484558105
2020-04-02,15.899999618530273,12.119999885559082,15.65999984741211,13.279999732971191,15966300.0,13.058942794799805
2020-04-03,17.0,13.380000114440918,13.75,16.920000076293945,66934300.0,16.638349533081055
2020-04-06,17.149999618530273,14.850000381469727,17.059999465942383,15.4399995803833,37138000.0,15.182987213134766
2020-04-07,15.800000190734863,14.550000190734863,15.199999809265137,15.25,23486000.0,14.996150970458984
2020-04-08,15.25,13.729999542236328,14.5,14.260000228881836,49372700.0,14.02263069152832
2020-04-09,15.5,13.899999618530273,14.0,14.779999732971191,34992600.0,14.533973693847656
2020-04-13,14.5,13.979999542236328,14.5,13.989999771118164,21497400.0,13.757124900817871
2020-04-14,14.199999809265137,13.779999732971191,14.0,13.869999885559082,22350000.0,13.639122009277344
2020-04-15,13.654999732971191,12.9399995803833,13.529999732971191,13.359999656677246,14990700.0,13.137609481811523
2020-04-16,13.25,12.260000228881836,13.149999618530273,12.890000343322754,21745200.0,12.675434112548828
2020-04-17,13.829999923706055,12.930000305175781,13.300000190734863,13.739999771118164,21336500.0,13.511284828186035
2020-04-20,14.739999771118164,13.475000381469727,13.5,14.449999809265137,20032200.0,14.209466934204102
2020-04-21,15.25,14.180000305175781,14.220000267028809,14.6899995803833,16235900.0,14.44547176361084
2020-04-22,15.15999984741211,14.220000267028809,14.949999809265137,14.789999961853027,12539500.0,14.543807983398438
2020-04-23,15.920000076293945,14.609999656677246,14.699999809265137,15.720000267028809,12226000.0,15.458328247070312
2020-04-24,16.670000076293945,15.289999961853027,15.600000381469727,16.25,17390000.0,15.97950267791748
2020-04-27,16.809999465942383,15.975000381469727,16.170000076293945,16.799999237060547,12186100.0,16.520347595214844
2020-04-28,17.75,16.610000610351562,16.8799991607666,17.0,12983800.0,16.717018127441406
2020-04-29,18.079999923706055,17.170000076293945,17.459999084472656,17.639999389648438,12523200.0,17.34636878967285
2020-04-30,17.84000015258789,16.985000610351562,17.219999313354492,17.709999084472656,19094100.0,17.415199279785156
2020-05-01,17.350000381469727,16.6200008392334,17.329999923706055,16.770000457763672,10727200.0,16.49085235595703
2020-05-04,16.520000457763672,15.6899995803833,16.149999618530273,16.399999618530273,9700300.0,16.12700843811035
2020-05-05,16.760000228881836,15.84000015258789,16.68000030517578,15.970000267028809,16298000.0,15.7041654586792
2020-05-06,16.3700008392334,15.430000305175781,16.0,16.290000915527344,10647200.0,16.018842697143555
2020-05-07,17.040000915527344,15.880000114440918,16.209999084472656,16.40999984741211,12454100.0,16.136844635009766
2020-05-08,18.399999618530273,16.934999465942383,17.040000915527344,18.360000610351562,17693300.0,18.054384231567383
2020-05-11,18.75,18.020000457763672,18.43000030517578,18.350000381469727,9574600.0,18.04454803466797
2020-05-12,18.399999618530273,17.690000534057617,18.389999389648438,17.799999237060547,7743200.0,17.50370216369629
2020-05-13,17.437000274658203,16.100000381469727,17.209999084472656,16.440000534057617,10676300.0,16.16634178161621
2020-05-14,16.71500015258789,15.720000267028809,16.020000457763672,16.549999237060547,7797200.0,16.27450942993164
2020-05-15,16.96500015258789,16.0,16.299999237060547,16.709999084472656,7353800.0,16.431846618652344
2020-05-18,17.719999313354492,17.290000915527344,17.299999237060547,17.549999237060547,6135000.0,17.257863998413086
2020-05-19,17.920000076293945,17.149999618530273,17.440000534057617,17.770000457763672,8338100.0,17.47420310974121
2020-05-20,19.049999237060547,18.040000915527344,18.15999984741211,18.729999542236328,11910000.0,18.41822052001953
2020-05-21,19.520000457763672,18.5,18.540000915527344,19.450000762939453,9711500.0,19.126235961914062
2020-05-22,19.860000610351562,18.950000762939453,19.469999313354492,19.049999237060547,5937100.0,18.732892990112305
2020-05-26,20.600000381469727,19.34000015258789,19.610000610351562,19.510000228881836,7305400.0,19.185237884521484
2020-05-27,20.1299991607666,19.43000030517578,19.56999969482422,19.989999771118164,8969700.0,19.657249450683594
2020-05-28,20.459999084472656,19.5049991607666,20.079999923706055,19.600000381469727,8509200.0,19.273740768432617
2020-05-29,20.979999542236328,18.8799991607666,18.959999084472656,20.469999313354492,32990600.0,20.12925910949707
2020-06-01,21.950000762939453,20.549999237060547,20.549999237060547,21.81999969482422,7695700.0,21.456789016723633
2020-06-02,21.82900047302246,20.905000686645508,21.690000534057617,21.360000610351562,8295600.0,21.004444122314453
2020-06-03,22.579999923706055,21.3799991607666,21.469999313354492,22.219999313354492,9636300.0,21.850128173828125
2020-06-04,23.1200008392334,22.030000686645508,22.030000686645508,22.68000030517578,6651900.0,22.30246925354004
2020-06-05,24.399999618530273,23.3799991607666,23.540000915527344,23.559999465942383,7843600.0,23.167823791503906
2020-06-08,24.3799991607666,23.309999465942383,23.6299991607666,24.3700008392334,8570400.0,23.964340209960938
2020-06-09,23.959999084472656,23.209999084472656,23.739999771118164,23.209999084472656,6850000.0,22.82364845275879
2020-06-10,23.149999618530273,22.040000915527344,22.309999465942383,22.200000762939453,10262100.0,21.830461502075195
2020-06-11,21.799999237060547,20.0,20.15999984741211,21.059999465942383,6834800.0,20.709434509277344
2020-06-12,22.309999465942383,21.020000457763672,22.0,21.540000915527344,5212800.0,21.181446075439453
2020-06-15,22.540000915527344,20.6299991607666,20.719999313354492,21.969999313354492,7735600.0,21.604291915893555
2020-06-16,22.979999542236328,21.924999237060547,22.959999084472656,22.06999969482422,7287800.0,21.70262336730957
2020-06-17,22.34000015258789,21.079999923706055,22.170000076293945,21.260000228881836,5737700.0,20.906108856201172
2020-06-18,21.889999389648438,21.0,21.0,21.25,3618900.0,20.89627456665039
2020-06-19,21.850000381469727,21.0,21.760000228881836,21.450000762939453,14451100.0,21.092945098876953
2020-06-22,22.825000762939453,21.309999465942383,21.520000457763672,22.739999771118164,5995500.0,22.36147117614746
2020-06-23,23.239999771118164,22.31999969482422,23.1200008392334,22.389999389648438,5961200.0,22.017297744750977
2020-06-24,22.65999984741211,21.450000762939453,22.100000381469727,21.81999969482422,6825600.0,21.456789016723633
2020-06-25,21.8700008392334,21.03499984741211,21.6200008392334,21.520000457763672,6141000.0,21.239652633666992
2020-06-26,21.739999771118164,20.590999603271484,21.520000457763672,20.969999313354492,21346900.0,20.69681739807129
2020-06-29,22.469999313354492,21.0,21.079999923706055,22.1200008392334,8086000.0,21.831836700439453
2020-06-30,22.40999984741211,21.40999984741211,21.809999465942383,22.219999313354492,7082500.0,21.93053436279297
2020-07-01,23.010000228881836,21.8700008392334,22.31999969482422,22.610000610351562,9181500.0,22.315454483032227
2020-07-02,23.219999313354492,22.56999969482422,22.989999771118164,22.90999984741211,5667400.0,22.611543655395508
2020-07-06,24.290000915527344,23.1299991607666,23.1299991607666,24.209999084472656,7145200.0,23.894607543945312
2020-07-07,24.18000030517578,23.724000930786133,23.760000228881836,24.010000228881836,4671900.0,23.697214126586914
2020-07-08,24.09000015258789,23.459999084472656,23.8799991607666,23.989999771118164,4692100.0,23.67747688293457
2020-07-09,24.219999313354492,23.760000228881836,24.0,23.90999984741211,5470300.0,23.5985164642334
2020-07-10,26.059999465942383,23.719999313354492,23.84000015258789,24.889999389648438,12262400.0,24.565750122070312
2020-07-13,25.209999084472656,23.260000228881836,25.139999389648438,24.280000686645508,8562400.0,23.963699340820312
2020-07-14,25.15999984741211,24.229999542236328,24.299999237060547,25.149999618530273,7218300.0,24.82236099243164
2020-07-15,26.56999969482422,25.540000915527344,25.579999923706055,26.450000762939453,5798700.0,26.105426788330078
2020-07-16,26.989999771118164,25.920000076293945,26.1200008392334,26.610000610351562,4863400.0,26.26334571838379
2020-07-17,26.899999618530273,26.329999923706055,26.889999389648438,26.479999542236328,3187100.0,26.13503646850586
2020-07-20,26.540000915527344,26.065000534057617,26.219999313354492,26.40999984741211,2442800.0,26.065948486328125
2020-07-21,26.799999237060547,26.15999984741211,26.290000915527344,26.56999969482422,4952700.0,26.22386360168457
2020-07-22,27.059999465942383,26.31999969482422,26.34000015258789,26.600000381469727,3503900.0,26.25347328186035
2020-07-23,27.6299991607666,26.520000457763672,26.65999984741211,27.350000381469727,6245400.0,26.993701934814453
2020-07-24,27.260000228881836,26.540000915527344,27.25,26.579999923706055,8293000.0,26.233734130859375
2020-07-27,26.780000686645508,26.079999923706055,26.5,26.25,5734900.0,25.908031463623047
2020-07-28,26.399999618530273,25.850000381469727,26.06999969482422,26.06999969482422,9895100.0,25.730377197265625
2020-07-29,27.719999313354492,26.110000610351562,26.110000610351562,27.18000030517578,12657500.0,26.825918197631836
2020-07-30,27.5,25.600000381469727,25.850000381469727,26.899999618530273,6742900.0,26.5495662689209
2020-07-31,27.354999542236328,26.6299991607666,26.850000381469727,27.239999771118164,9261300.0,26.885135650634766
2020-08-03,27.889999389648438,27.010000228881836,27.239999771118164,27.6200008392334,4115900.0,27.26018714904785
2020-08-04,27.8700008392334,27.15999984741211,27.399999618530273,27.770000457763672,4382200.0,27.408231735229492
2020-08-05,28.174999237060547,27.65999984741211,27.65999984741211,28.110000610351562,4177300.0,27.743803024291992
2020-08-06,28.540000915527344,27.940000534057617,28.020000457763672,28.270000457763672,3648700.0,27.901716232299805
2020-08-07,29.030000686645508,28.440000534057617,28.719999313354492,28.969999313354492,3477900.0,28.59259796142578
2020-08-10,29.56999969482422,28.90999984741211,29.020000457763672,29.459999084472656,3516900.0,29.07621192932129
2020-08-11,30.31999969482422,29.440000534057617,30.15999984741211,29.489999771118164,5113800.0,29.10582733154297
2020-08-12,30.190000534057617,29.6200008392334,29.8700008392334,29.790000915527344,3523800.0,29.40191650390625
2020-08-13,30.280000686645508,29.3700008392334,29.899999618530273,29.540000915527344,3643800.0,29.155176162719727
2020-08-14,30.04800033569336,29.280000686645508,29.709999084472656,29.520000457763672,5008300.0,29.135435104370117
2020-08-17,30.184999465942383,29.14299964904785,29.5,29.84000015258789,4588200.0,29.451265335083008
2020-08-18,30.049999237060547,29.3700008392334,29.719999313354492,29.459999084472656,3412900.0,29.07621192932129
2020-08-19,29.690000534057617,29.1200008392334,29.540000915527344,29.25,3864000.0,28.868953704833984
2020-08-20,29.40999984741211,28.75,29.020000457763672,29.010000228881836,3166800.0,28.632078170776367
2020-08-21,29.81999969482422,29.084999084472656,29.15999984741211,29.520000457763672,3112600.0,29.135435104370117
2020-08-24,30.440000534057617,29.739999771118164,29.760000228881836,30.3799991607666,3117300.0,29.984228134155273
2020-08-25,30.80500030517578,30.40999984741211,30.5,30.469999313354492,3233600.0,30.073057174682617
2020-08-26,31.239999771118164,30.40999984741211,30.510000228881836,31.030000686645508,3316600.0,30.625762939453125
2020-08-27,31.239999771118164,30.15999984741211,31.06999969482422,30.280000686645508,4144700.0,29.885534286499023
2020-08-28,30.475000381469727,29.954999923706055,30.3799991607666,30.299999237060547,3689900.0,29.9052734375
2020-08-31,30.459999084472656,29.829999923706055,30.190000534057617,29.850000381469727,3572700.0,29.461135864257812
2020-09-01,30.360000610351562,29.170000076293945,29.65999984741211,30.299999237060547,2778500.0,29.9052734375
2020-09-02,30.950000762939453,29.84000015258789,30.219999313354492,30.780000686645508,3445400.0,30.3790225982666
2020-09-03,30.690000534057617,28.959999084472656,30.5,29.329999923706055,5049400.0,28.947908401489258
2020-09-04,30.094999313354492,28.829999923706055,29.43000030517578,30.0,4277400.0,29.609182357788086
2020-09-08,30.25,29.200000762939453,29.350000381469727,29.56999969482422,4733300.0,29.184782028198242
2020-09-09,30.344999313354492,29.549999237060547,29.93000030517578,30.1299991607666,4782000.0,29.73748779296875
2020-09-10,30.010000228881836,28.579999923706055,29.899999618530273,29.139999389648438,9090300.0,28.76038360595703
2020-09-11,29.645000457763672,29.010000228881836,29.170000076293945,29.239999771118164,4547300.0,28.859081268310547
2020-09-14,29.440000534057617,28.829999923706055,29.399999618530273,29.149999618530273,4299400.0,28.770254135131836
2020-09-15,30.040000915527344,29.301000595092773,29.479999542236328,29.690000534057617,4052100.0,29.303218841552734
2020-09-16,30.53499984741211,29.524999618530273,30.15999984741211,30.25,4884300.0,29.855924606323242
2020-09-17,30.69499969482422,29.3700008392334,29.770000457763672,30.65999984741211,4735100.0,30.260581970214844
2020-09-18,31.200000762939453,30.5,30.5,30.790000915527344,8061000.0,30.38888931274414
2020-09-21,30.770000457763672,29.219999313354492,30.290000915527344,29.510000228881836,4516900.0,29.125564575195312
2020-09-22,30.329999923706055,29.489999771118164,29.510000228881836,30.260000228881836,4719700.0,29.865793228149414
2020-09-23,30.420000076293945,29.100000381469727,30.399999618530273,29.110000610351562,3348800.0,28.730777740478516
2020-09-24,29.969999313354492,28.790000915527344,29.1200008392334,29.8799991607666,4269300.0,29.490741729736328
2020-09-25,30.5,29.350000381469727,29.399999618530273,30.489999771118164,2845700.0,30.092798233032227
2020-09-28,31.559999465942383,30.43000030517578,30.75,30.739999771118164,7027600.0,30.33953857421875
2020-09-29,30.690000534057617,30.079999923706055,30.510000228881836,30.5,6851300.0,30.1026668548584
2020-09-30,31.239999771118164,30.350000381469727,30.610000610351562,30.540000915527344,5066600.0,30.142148971557617
2020-10-01,31.059999465942383,30.549999237060547,30.719999313354492,30.770000457763672,3730300.0,30.369152069091797
2020-10-02,31.520000457763672,30.260000228881836,30.34000015258789,31.229999542236328,2483100.0,30.823156356811523
2020-10-05,32.470001220703125,31.639999389648438,31.639999389648438,32.08000183105469,5088600.0,31.662086486816406
2020-10-06,32.38999938964844,31.450000762939453,32.34000015258789,31.510000228881836,2439400.0,31.099510192871094
2020-10-07,32.290000915527344,31.889999389648438,31.93000030517578,32.119998931884766,2209700.0,31.701562881469727
2020-10-08,32.46699905395508,31.6299991607666,32.310001373291016,31.950000762939453,2276400.0,31.53377914428711
2020-10-09,32.54999923706055,31.709999084472656,31.90999984741211,32.22999954223633,2700800.0,31.810129165649414
2020-10-12,33.15999984741211,32.20000076293945,32.59000015258789,33.0,3302600.0,32.57010269165039
2020-10-13,33.470001220703125,32.040000915527344,33.29999923706055,32.4900016784668,3534500.0,32.06674575805664
2020-10-14,33.04999923706055,32.43000030517578,32.68000030517578,32.5099983215332,3443600.0,32.08647918701172
2020-10-15,32.65999984741211,32.0099983215332,32.09000015258789,32.599998474121094,2691600.0,32.17530822753906
2020-10-16,33.27000045776367,32.41999816894531,32.91999816894531,32.7599983215332,3723000.0,32.33322525024414
2020-10-19,33.0,32.06999969482422,32.79999923706055,32.31999969482422,5529300.0,31.898956298828125
2020-10-20,33.79999923706055,32.349998474121094,32.45000076293945,33.22999954223633,3944800.0,32.79710388183594
2020-10-21,33.439998626708984,32.900001525878906,33.060001373291016,33.349998474121094,2909800.0,32.91553497314453
2020-10-22,34.130001068115234,33.150001525878906,33.150001525878906,33.88999938964844,3987700.0,33.44850158691406
2020-10-23,34.959999084472656,33.86000061035156,33.900001525878906,34.93000030517578,5072400.0,34.47495651245117
2020-10-26,34.45000076293945,33.27000045776367,34.45000076293945,33.709999084472656,5196800.0,33.27084732055664
2020-10-27,33.939998626708984,33.11000061035156,33.83000183105469,33.599998474121094,4032300.0,33.16228103637695
2020-10-28,33.7599983215332,32.7599983215332,32.93000030517578,33.29999923706055,6485900.0,32.86619186401367
2020-10-29,34.779998779296875,32.93000030517578,33.790000915527344,34.06999969482422,11949600.0,33.70713424682617
2020-10-30,34.880001068115234,33.0,33.970001220703125,33.38999938964844,6741100.0,33.03437805175781
2020-11-02,35.130001068115234,33.869998931884766,34.0,35.099998474121094,6313000.0,34.72616958618164
2020-11-03,37.0099983215332,35.43000030517578,35.45000076293945,36.95000076293945,6733100.0,36.55646514892578
2020-11-04,37.400001525878906,35.5,35.630001068115234,36.779998779296875,9039400.0,36.388275146484375
2020-11-05,38.29999923706055,37.380001068115234,37.5099983215332,38.20000076293945,5778100.0,37.79315185546875
2020-11-06,39.029998779296875,38.14500045776367,38.529998779296875,38.95000076293945,3443000.0,38.53516387939453
2020-11-09,41.29999923706055,38.68000030517578,40.7400016784668,38.79999923706055,7186400.0,38.38676071166992
2020-11-10,39.349998474121094,37.58000183105469,39.029998779296875,37.810001373291016,5588400.0,37.40730667114258
2020-11-11,38.72999954223633,37.88999938964844,38.4900016784668,38.060001373291016,4633000.0,37.65464782714844
2020-11-12,38.935001373291016,37.78499984741211,38.0,37.959999084472656,8192500.0,37.55570983886719
2020-11-13,38.61000061035156,38.13999938964844,38.22999954223633,38.290000915527344,5498900.0,37.88219451904297
2020-11-16,40.5099983215332,38.47999954223633,39.2400016784668,40.5,6135600.0,40.06865310668945
2020-11-17,41.47999954223633,39.86000061035156,41.45000076293945,40.36000061035156,6882700.0,39.93014907836914
2020-11-18,40.59000015258789,39.369998931884766,40.279998779296875,39.38999938964844,5997200.0,38.97047805786133
2020-11-19,39.279998779296875,38.5099983215332,39.0,39.130001068115234,8524800.0,38.7132453918457
2020-11-20,39.099998474121094,38.209999084472656,38.93000030517578,38.540000915527344,4338700.0,38.12953567504883
2020-11-23,39.13999938964844,38.400001525878906,39.0,38.77000045776367,6231700.0,38.35708236694336
2020-11-24,39.564998626708984,38.43000030517578,38.939998626708984,39.369998931884766,7022300.0,38.9506950378418
2020-11-25,39.2400016784668,38.52000045776367,39.060001373291016,38.61000061035156,4280300.0,38.198787689208984
2020-11-27,38.84000015258789,37.459999084472656,38.689998626708984,37.810001373291016,5923500.0,37.40730667114258
2020-11-30,38.47999954223633,37.40999984741211,37.75,38.06999969482422,21169200.0,37.66453552246094
2020-12-01,38.939998626708984,37.54999923706055,38.63999938964844,37.599998474121094,6595200.0,37.19953918457031
2020-12-02,37.279998779296875,36.560001373291016,37.189998626708984,36.83000183105469,5578000.0,36.437744140625
2020-12-03,37.77000045776367,36.599998474121094,37.189998626708984,36.689998626708984,5411900.0,36.29923629760742
2020-12-04,37.970001220703125,37.05500030517578,37.27000045776367,37.70000076293945,5534700.0,37.29847717285156
2020-12-07,37.70000076293945,36.709999084472656,37.54999923706055,36.84000015258789,3825100.0,36.447635650634766
2020-12-08,37.56999969482422,36.61000061035156,36.63999938964844,37.29999923706055,4022800.0,36.902740478515625
2020-12-09,37.9900016784668,37.38999938964844,37.40999984741211,37.84000015258789,4134800.0,37.43698501586914
2020-12-10,38.470001220703125,37.266998291015625,37.66999816894531,37.540000915527344,4095700.0,37.14018630981445
2020-12-11,37.38999938964844,36.7599983215332,37.15999984741211,37.15999984741211,3102600.0,36.76423263549805
2020-12-14,37.54999923706055,36.52000045776367,37.5,36.619998931884766,6301200.0,36.22998046875
2020-12-15,37.90999984741211,36.52000045776367,37.099998474121094,37.66999816894531,4832100.0,37.268798828125
2020-12-16,38.02000045776367,37.34000015258789,37.72999954223633,38.0,3990600.0,37.59528732299805
2020-12-17,38.8650016784668,38.25,38.40999984741211,38.70000076293945,4095200.0,38.28782653808594
2020-12-18,38.86000061035156,37.61000061035156,38.75,38.790000915527344,9683100.0,38.376869201660156
2020-12-21,38.720001220703125,37.930999755859375,38.0,38.52000045776367,2835900.0,38.10974884033203
2020-12-22,38.52000045776367,37.86000061035156,38.290000915527344,38.029998779296875,3303800.0,37.74253845214844
2020-12-23,38.400001525878906,37.79999923706055,38.119998931884766,38.15999984741211,2367600.0,37.871559143066406
2020-12-24,38.2400016784668,37.849998474121094,37.90999984741211,37.88999938964844,1395100.0,37.603599548339844
2020-12-28,39.43000030517578,37.75,38.11000061035156,37.7599983215332,3209700.0,37.474578857421875
2020-12-29,38.18000030517578,36.68000030517578,38.0,37.16999816894531,3748700.0,36.889041900634766
2020-12-30,37.79999923706055,37.25,37.310001373291016,37.72999954223633,3051000.0,37.44480514526367
2020-12-31,37.810001373291016,36.91999816894531,37.619998931884766,37.720001220703125,2096800.0,37.43488693237305
2021-01-04,38.380001068115234,36.97999954223633,38.349998474121094,37.029998779296875,4584200.0,36.75009536743164
2021-01-05,38.18000030517578,36.79999923706055,37.0,37.939998626708984,3701500.0,37.65321731567383
2021-01-06,40.2599983215332,38.31999969482422,38.31999969482422,40.04999923706055,6211500.0,39.74726867675781
2021-01-07,41.189998626708984,40.0,40.40999984741211,41.09000015258789,7771900.0,40.77941131591797
2021-01-08,41.349998474121094,40.0,41.20000076293945,40.689998626708984,6964100.0,40.38243103027344
2021-01-11,41.84299850463867,39.849998474121094,39.880001068115234,41.56999969482422,3761400.0,41.25578308105469
2021-01-12,41.939998626708984,41.04999923706055,41.560001373291016,41.7400016784668,4436100.0,41.42449951171875
2021-01-13,41.88999938964844,40.83000183105469,41.41999816894531,41.380001068115234,3948600.0,41.06721878051758
2021-01-14,41.59000015258789,40.72999954223633,41.400001525878906,40.79999923706055,3748900.0,40.49160385131836
2021-01-15,40.599998474121094,39.57099914550781,40.599998474121094,40.380001068115234,4501100.0,40.07477951049805
2021-01-19,40.97999954223633,40.20000076293945,40.70000076293945,40.369998931884766,3383000.0,40.06485366821289
2021-01-20,40.40999984741211,39.689998626708984,40.40999984741211,40.040000915527344,4654700.0,39.73734664916992
2021-01-21,40.400001525878906,39.209999084472656,40.400001525878906,39.7400016784668,4647200.0,39.43961715698242
2021-01-22,40.11000061035156,39.099998474121094,39.20000076293945,39.5099983215332,2585000.0,39.21134948730469
2021-01-25,39.05699920654297,37.20000076293945,38.970001220703125,38.88999938964844,9176800.0,38.596038818359375
2021-01-26,39.04999923706055,37.29999923706055,38.88999938964844,37.31999969482422,4945100.0,37.037906646728516
2021-01-27,36.779998779296875,34.209999084472656,36.599998474121094,36.22999954223633,8138300.0,35.956146240234375
2021-01-28,38.45000076293945,36.42100143432617,36.810001373291016,38.20000076293945,8108500.0,37.9112548828125
2021-01-29,38.79999923706055,37.77000045776367,37.88999938964844,38.5,16346400.0,38.208988189697266
2021-02-01,39.45000076293945,38.54999923706055,39.20000076293945,38.65999984741211,4731700.0,38.367774963378906
2021-02-02,39.400001525878906,38.43000030517578,39.119998931884766,38.47999954223633,2902000.0,38.18913650512695
2021-02-03,38.65999984741211,37.95600128173828,38.29999923706055,38.150001525878906,2987900.0,37.861637115478516
2021-02-04,38.529998779296875,37.86000061035156,38.369998931884766,38.33000183105469,3439000.0,38.0402717590332
2021-02-05,39.9900016784668,38.0,38.0,39.150001525878906,4409600.0,38.85407638549805
2021-02-08,40.119998931884766,39.34000015258789,39.529998779296875,39.70000076293945,4544800.0,39.39992141723633
2021-02-09,38.279998779296875,36.95000076293945,37.099998474121094,37.25,12941200.0,36.96843719482422
2021-02-10,37.95000076293945,36.79999923706055,37.65999984741211,37.189998626708984,7926400.0,36.90888595581055
2021-02-11,37.474998474121094,36.630001068115234,37.29999923706055,37.20000076293945,11064800.0,36.91881561279297
2021-02-12,37.400001525878906,36.7599983215332,37.0,37.279998779296875,5472800.0,36.998207092285156
2021-02-16,37.525001525878906,36.775001525878906,37.459999084472656,37.40999984741211,4174600.0,37.127227783203125
2021-02-17,37.36899948120117,36.70000076293945,37.22999954223633,37.2400016784668,3844400.0,36.95851135253906
2021-02-18,37.22999954223633,36.36199951171875,37.09000015258789,36.650001525878906,3961800.0,36.37297058105469
2021-02-19,37.7599983215332,36.959999084472656,37.0,37.63999938964844,3225600.0,37.35548782348633
2021-02-22,37.869998931884766,37.27000045776367,37.40999984741211,37.29999923706055,3017600.0,37.01805877685547
2021-02-23,37.189998626708984,35.81999969482422,36.83000183105469,37.099998474121094,4340100.0,36.81956481933594
2021-02-24,37.5099983215332,36.69499969482422,36.86000061035156,37.45000076293945,5952400.0,37.166927337646484
2021-02-25,37.27000045776367,35.939998626708984,37.06999969482422,36.13999938964844,4449900.0,35.866825103759766
2021-02-26,37.0,36.02000045776367,36.38999938964844,36.529998779296875,5375200.0,36.253875732421875
2021-03-01,37.564998626708984,36.720001220703125,36.7599983215332,37.20000076293945,4156800.0,36.91881561279297
2021-03-02,37.41999816894531,36.68000030517578,37.400001525878906,37.13999938964844,4431900.0,36.8592643737793
2021-03-03,37.577999114990234,36.630001068115234,36.849998474121094,37.119998931884766,7100100.0,36.83941650390625
2021-03-04,37.209999084472656,35.060001373291016,36.95000076293945,35.52000045776367,6859200.0,35.25151443481445
2021-03-05,37.040000915527344,34.75,36.119998931884766,36.939998626708984,7047300.0,36.6607780456543
2021-03-08,37.790000915527344,36.29999923706055,36.790000915527344,37.060001373291016,4659800.0,36.779876708984375
2021-03-09,37.709999084472656,37.099998474121094,37.349998474121094,37.119998931884766,3643400.0,36.83941650390625
2021-03-10,39.099998474121094,37.47999954223633,37.61000061035156,38.779998779296875,6976500.0,38.48686981201172
2021-03-11,39.56999969482422,38.61000061035156,39.27000045776367,39.22999954223633,5156100.0,38.9334716796875
2021-03-12,39.619998931884766,38.91999816894531,39.0,39.59000015258789,2546200.0,39.290748596191406
2021-03-15,39.7400016784668,39.099998474121094,39.220001220703125,39.599998474121094,3634300.0,39.3006706237793
2021-03-16,39.650001525878906,38.310001373291016,39.619998931884766,38.56999969482422,5740800.0,38.27845764160156
2021-03-17,39.36000061035156,38.43000030517578,38.810001373291016,39.349998474121094,4066000.0,39.05256271362305
2021-03-18,41.599998474121094,39.400001525878906,39.400001525878906,41.0,10045200.0,40.69009017944336
2021-03-19,41.310001373291016,40.58100128173828,41.22999954223633,40.90999984741211,11066100.0,40.600772857666016
2021-03-22,41.689998626708984,39.849998474121094,40.619998931884766,41.40999984741211,10396900.0,41.09699249267578
2021-03-23,41.4900016784668,40.05500030517578,40.91999816894531,40.290000915527344,11248200.0,39.98545837402344
2021-03-24,41.22999954223633,40.130001068115234,40.5,40.13999938964844,8587400.0,39.83658981323242
2021-03-25,40.474998474121094,39.58000183105469,40.189998626708984,40.349998474121094,8091900.0,40.04500198364258
2021-03-26,41.13999938964844,39.83000183105469,40.81999969482422,41.09000015258789,5120300.0,40.77941131591797
2021-03-29,42.97999954223633,41.95199966430664,42.209999084472656,42.34000015258789,7698800.0,42.01995849609375
2021-03-30,42.91999816894531,41.790000915527344,42.06999969482422,42.36000061035156,3982200.0,42.03981018066406
2021-03-31,43.47999954223633,42.029998779296875,43.0,42.220001220703125,7297800.0,41.9008674621582
2021-04-01,42.400001525878906,41.86000061035156,42.22999954223633,42.02000045776367,4759900.0,41.70238494873047
2021-04-05,42.91999816894531,42.33000183105469,42.38999938964844,42.58000183105469,5731800.0,42.258148193359375
2021-04-06,43.29999923706055,42.29999923706055,42.63999938964844,42.810001373291016,6692600.0,42.48640823364258
2021-04-07,42.84000015258789,42.13999938964844,42.560001373291016,42.689998626708984,6117300.0,42.367313385009766
2021-04-08,43.0,42.04999923706055,42.58000183105469,42.529998779296875,5212400.0,42.20852279663086
2021-04-09,43.060001373291016,42.2599983215332,42.849998474121094,42.75,5578100.0,42.42686462402344
2021-04-12,43.005001068115234,42.47999954223633,42.79999923706055,42.599998474121094,5868600.0,42.277992248535156
2021-04-13,43.369998931884766,42.2400016784668,42.4900016784668,43.15999984741211,7778500.0,42.833763122558594
2021-04-14,43.779998779296875,43.060001373291016,43.130001068115234,43.130001068115234,4651100.0,42.803993225097656
2021-04-15,43.77000045776367,42.70000076293945,43.20000076293945,43.59000015258789,7090900.0,43.26051712036133
2021-04-16,44.279998779296875,43.439998626708984,43.880001068115234,43.880001068115234,5575700.0,43.54832077026367
2021-04-19,44.64500045776367,43.66999816894531,44.0,43.869998931884766,10654900.0,43.53839874267578
2021-04-20,43.66999816894531,42.0099983215332,43.58000183105469,42.52000045776367,6545400.0,42.19860076904297
2021-04-21,43.125,42.20000076293945,42.5,43.060001373291016,4288100.0,42.734519958496094
2021-04-22,43.709999084472656,42.849998474121094,43.2400016784668,43.09000015258789,6473400.0,42.76428985595703
2021-04-23,44.560001373291016,43.06999969482422,43.36000061035156,44.470001220703125,6615300.0,44.13386154174805
2021-04-26,45.15999984741211,44.02000045776367,44.81999969482422,44.099998474121094,4019400.0,43.766658782958984
2021-04-27,45.040000915527344,44.0,44.150001525878906,44.959999084472656,6740600.0,44.62015914916992
2021-04-28,45.31999969482422,44.470001220703125,44.939998626708984,44.4900016784668,6560200.0,44.15371322631836
2021-04-29,44.880001068115234,43.38999938964844,43.970001220703125,44.150001525878906,9151900.0,43.816280364990234
2021-04-30,43.849998474121094,42.9900016784668,43.68000030517578,43.58000183105469,7279100.0,43.36846923828125
2021-05-03,44.189998626708984,43.18000030517578,44.119998931884766,43.459999084472656,3928800.0,43.24905014038086
2021-05-04,43.36000061035156,42.779998779296875,43.15999984741211,43.130001068115234,9900900.0,42.920650482177734
2021-05-05,43.779998779296875,43.150001525878906,43.470001220703125,43.27000045776367,6946100.0,43.05997085571289
2021-05-06,44.189998626708984,43.15999984741211,43.34000015258789,44.15999984741211,6237900.0,43.945648193359375
2021-05-07,45.26499938964844,43.869998931884766,44.119998931884766,44.84000015258789,5266100.0,44.62234878540039
2021-05-10,45.650001525878906,44.88999938964844,44.88999938964844,45.40999984741211,5929800.0,45.18958282470703
2021-05-11,45.119998931884766,44.0099983215332,45.119998931884766,44.5,8457300.0,44.284000396728516
2021-05-12,44.439998626708984,42.38999938964844,44.2400016784668,42.43000030517578,7542300.0,42.22404861450195
2021-05-13,43.63999938964844,42.5099983215332,42.68000030517578,43.25,5084200.0,43.040069580078125
2021-05-14,44.08000183105469,43.45000076293945,43.61000061035156,43.63999938964844,4398200.0,43.42817306518555
2021-05-17,44.33000183105469,43.459999084472656,43.52000045776367,44.16999816894531,6998700.0,43.955596923828125
2021-05-18,44.47999954223633,43.540000915527344,44.275001525878906,43.65999984741211,6355800.0,43.44807815551758
2021-05-19,43.630001068115234,42.70000076293945,43.2400016784668,43.439998626708984,5250300.0,43.22914123535156
2021-05-20,44.06999969482422,43.209999084472656,43.560001373291016,43.88999938964844,4046000.0,43.67695999145508
2021-05-21,44.720001220703125,43.869998931884766,44.16999816894531,43.880001068115234,5536500.0,43.66701126098633
2021-05-24,44.68000030517578,43.93000030517578,44.08000183105469,44.380001068115234,5125600.0,44.164581298828125
2021-05-25,45.18000030517578,44.5099983215332,44.650001525878906,44.720001220703125,7026800.0,44.502933502197266
2021-05-26,45.029998779296875,44.525001525878906,44.779998779296875,44.720001220703125,6345000.0,44.502933502197266
2021-05-27,45.47999954223633,44.84000015258789,45.06999969482422,45.310001373291016,12343700.0,45.09006881713867
2021-05-28,46.130001068115234,45.40999984741211,45.69499969482422,45.93000030517578,4197100.0,45.70705795288086
2021-06-01,47.09000015258789,46.58000183105469,46.61000061035156,46.849998474121094,6199300.0,46.62259292602539
2021-06-02,46.935001373291016,45.90999984741211,46.7599983215332,46.04999923706055,5729600.0,45.82647705078125
2021-06-03,46.18000030517578,45.13999938964844,45.72999954223633,45.72999954223633,4230800.0,45.50802993774414
2021-06-04,46.04999923706055,45.7599983215332,45.95000076293945,45.88999938964844,4016900.0,45.66725540161133
2021-06-07,46.369998931884766,45.869998931884766,46.18000030517578,46.060001373291016,2982400.0,45.836429595947266
2021-06-08,46.459999084472656,45.790000915527344,46.20000076293945,46.36000061035156,3174000.0,46.134971618652344
2021-06-09,46.529998779296875,45.9900016784668,46.29999923706055,46.189998626708984,4567000.0,45.96579360961914
2021-06-10,46.630001068115234,45.779998779296875,46.40999984741211,45.86000061035156,5163900.0,45.63739776611328
2021-06-11,46.279998779296875,45.65999984741211,46.16999816894531,46.099998474121094,4065700.0,45.8762321472168
2021-06-14,46.290000915527344,45.76100158691406,46.099998474121094,46.209999084472656,3427700.0,45.98569869995117
2021-06-15,46.599998474121094,45.81999969482422,46.290000915527344,46.529998779296875,3962900.0,46.30414581298828
2021-06-16,47.132999420166016,46.474998474121094,46.72999954223633,46.90999984741211,6778600.0,46.68230056762695
2021-06-17,46.90999984741211,45.11000061035156,46.900001525878906,46.130001068115234,6200000.0,45.906089782714844
2021-06-18,45.86000061035156,45.02000045776367,45.43000030517578,45.04999923706055,7343600.0,44.831329345703125
2021-06-21,46.61000061035156,45.29999923706055,45.400001525878906,46.5,4158800.0,46.2742919921875
2021-06-22,46.70000076293945,46.0099983215332,46.599998474121094,46.11000061035156,4046100.0,45.88618469238281
2021-06-23,46.63999938964844,45.689998626708984,46.5,46.099998474121094,3100600.0,45.995933532714844
2021-06-24,46.38999938964844,45.95000076293945,46.25,46.220001220703125,3007300.0,46.115665435791016
2021-06-25,47.16999816894531,46.2400016784668,46.33000183105469,47.060001373291016,8003600.0,46.95376968383789
2021-06-28,47.939998626708984,46.67499923706055,47.060001373291016,47.880001068115234,6283700.0,47.77191925048828
2021-06-29,49.099998474121094,48.029998779296875,48.029998779296875,48.709999084472656,9447900.0,48.60004425048828
2021-06-30,48.9900016784668,48.25,48.459999084472656,48.599998474121094,4915700.0,48.490291595458984
2021-07-01,48.88999938964844,48.310001373291016,48.619998931884766,48.75,3466300.0,48.63995361328125
2021-07-02,48.900001525878906,48.439998626708984,48.79999923706055,48.52000045776367,2702900.0,48.41047286987305
2021-07-06,48.625,47.619998931884766,48.61000061035156,48.16999816894531,4026400.0,48.06126022338867
2021-07-07,49.05500030517578,48.02000045776367,48.20000076293945,48.83000183105469,4355900.0,48.71977615356445
2021-07-08,48.41999816894531,47.529998779296875,47.810001373291016,48.04999923706055,3482300.0,47.941532135009766
2021-07-09,48.8650016784668,48.209999084472656,48.54999923706055,48.27000045776367,3932600.0,48.16103744506836
2021-07-12,49.27000045776367,47.97999954223633,48.5,49.209999084472656,7450400.0,49.098915100097656
2021-07-13,49.6150016784668,49.02000045776367,49.09000015258789,49.22999954223633,5600100.0,49.11886978149414
2021-07-14,49.720001220703125,48.900001525878906,49.400001525878906,49.0,3919800.0,48.88938903808594
2021-07-15,49.67499923706055,48.5099983215332,48.72999954223633,49.560001373291016,3872700.0,49.44812774658203
2021-07-16,49.810001373291016,49.0,49.560001373291016,49.08000183105469,3331200.0,48.96921157836914
2021-07-19,48.5,47.650001525878906,48.310001373291016,48.25,3722800.0,48.141082763671875
2021-07-20,50.064998626708984,48.31700134277344,48.47999954223633,49.900001525878906,5358600.0,49.78736114501953
2021-07-21,50.59000015258789,49.939998626708984,50.02000045776367,50.45000076293945,3963100.0,50.336116790771484
2021-07-22,51.01499938964844,50.22999954223633,50.5,50.810001373291016,6025400.0,50.69530487060547
2021-07-23,51.959999084472656,50.939998626708984,50.959999084472656,51.900001525878906,4494200.0,51.78284454345703
2021-07-26,52.0880012512207,51.2599983215332,51.79999923706055,51.5099983215332,2856100.0,51.39372253417969
2021-07-27,52.40999984741211,51.2400016784668,51.5,51.959999084472656,4072200.0,51.842708587646484
2021-07-28,52.29999923706055,51.529998779296875,51.869998931884766,51.56999969482422,5156200.0,51.45358657836914
2021-07-29,54.08000183105469,52.18000030517578,53.07500076293945,53.939998626708984,6166600.0,53.8182373046875
2021-07-30,55.5099983215332,53.959999084472656,54.220001220703125,55.25,6506800.0,55.125282287597656
2021-08-02,56.029998779296875,54.481998443603516,55.29999923706055,54.61000061035156,4010800.0,54.48672866821289
2021-08-03,57.25,54.97999954223633,54.9900016784668,57.18000030517578,4994000.0,57.050926208496094
2021-08-04,57.900001525878906,56.540000915527344,56.599998474121094,57.040000915527344,4619100.0,56.9112434387207
2021-08-05,57.53499984741211,55.90999984741211,57.36000061035156,56.31999969482422,4508600.0,56.192867279052734
2021-08-06,56.81999969482422,55.85499954223633,56.52000045776367,56.380001068115234,4683900.0,56.25273132324219
2021-08-09,56.52899932861328,55.95500183105469,56.099998474121094,56.2400016784668,2423800.0,56.1130485534668
2021-08-10,57.5,56.2599983215332,56.400001525878906,56.61000061035156,3763200.0,56.48221206665039
2021-08-11,57.027000427246094,56.08000183105469,56.779998779296875,56.88999938964844,3039200.0,56.76157760620117
2021-08-12,56.56999969482422,55.66999816894531,56.34000015258789,55.97999954223633,3510400.0,55.853633880615234
2021-08-13,56.25,55.7400016784668,55.939998626708984,56.150001525878906,2316300.0,56.023250579833984
2021-08-16,56.83000183105469,55.619998931884766,55.9900016784668,56.599998474121094,2081400.0,56.472232818603516
2021-08-17,56.13999938964844,54.369998931884766,55.95000076293945,55.150001525878906,3597000.0,55.025508880615234
2021-08-18,55.9900016784668,55.040000915527344,55.150001525878906,55.16999816894531,2632300.0,55.04545974731445
2021-08-19,55.97999954223633,54.22999954223633,54.29999923706055,55.25,4225200.0,55.125282287597656
2021-08-20,55.599998474121094,54.709999084472656,55.470001220703125,55.369998931884766,2621200.0,55.24501037597656
2021-08-23,56.165000915527344,55.349998474121094,55.86000061035156,55.880001068115234,3493300.0,55.75386047363281
2021-08-24,56.685001373291016,55.7400016784668,55.779998779296875,56.61000061035156,2546500.0,56.48221206665039
2021-08-25,58.040000915527344,56.43000030517578,56.459999084472656,57.7400016784668,3900200.0,57.60966110229492
2021-08-26,57.974998474121094,57.154998779296875,57.650001525878906,57.380001068115234,3601000.0,57.25047302246094
2021-08-27,58.41999816894531,57.61000061035156,57.61000061035156,58.31999969482422,3722600.0,58.188350677490234
2021-08-30,58.88999938964844,58.02000045776367,58.52000045776367,58.029998779296875,3709300.0,57.89900588989258
2021-08-31,58.0099983215332,56.939998626708984,58.0,57.599998474121094,4837900.0,57.469974517822266
2021-09-01,57.970001220703125,56.7400016784668,57.900001525878906,57.88999938964844,3007500.0,57.75932312011719
2021-09-02,58.290000915527344,57.470001220703125,58.150001525878906,57.91999816894531,3333300.0,57.78925323486328
2021-09-03,57.86000061035156,57.25,57.68000030517578,57.40999984741211,3048700.0,57.2804069519043
2021-09-07,56.9900016784668,56.090999603271484,56.31999969482422,56.220001220703125,4744800.0,56.09309387207031
2021-09-08,56.95000076293945,55.790000915527344,56.08000183105469,56.65999984741211,2650800.0,56.53209686279297
2021-09-09,57.39500045776367,56.40999984741211,56.810001373291016,56.72999954223633,2202000.0,56.6019401550293
2021-09-10,57.22999954223633,56.400001525878906,57.15999984741211,56.43000030517578,2345300.0,56.30261993408203
2021-09-13,57.08000183105469,55.18000030517578,56.939998626708984,55.7400016784668,4235500.0,55.61417770385742
2021-09-14,56.03499984741211,54.59000015258789,56.0,54.97999954223633,6193900.0,54.855892181396484
2021-09-15,55.900001525878906,54.83000183105469,55.060001373291016,55.7599983215332,3148900.0,55.63412857055664
2021-09-16,55.86000061035156,54.689998626708984,55.66999816894531,55.06999969482422,6828000.0,54.94568634033203
2021-09-17,55.08000183105469,54.56999969482422,54.77000045776367,55.0,15945100.0,54.87584686279297
2021-09-20,54.599998474121094,53.060001373291016,53.95000076293945,53.81999969482422,6439800.0,53.698509216308594
2021-09-21,54.15999984741211,51.66999816894531,54.11000061035156,51.689998626708984,8805600.0,51.57331466674805
2021-09-22,53.119998931884766,52.09000015258789,52.16999816894531,52.59000015258789,7154300.0,52.47128677368164
2021-09-23,54.17499923706055,52.97999954223633,52.97999954223633,53.4900016784668,4273700.0,53.36925506591797
2021-09-24,53.459999084472656,52.810001373291016,52.88999938964844,53.119998931884766,2135700.0,53.00008773803711
2021-09-27,53.13999938964844,52.275001525878906,53.09000015258789,52.369998931884766,2297800.0,52.25178146362305
2021-09-28,52.18000030517578,51.310001373291016,51.77000045776367,51.959999084472656,5489800.0,51.842708587646484
2021-09-29,53.06999969482422,52.20000076293945,52.27000045776367,52.849998474121094,4735200.0,52.73069763183594
2021-09-30,53.68000030517578,51.72999954223633,53.13999938964844,51.7599983215332,7036700.0,51.643157958984375
2021-10-01,52.75,51.125,51.86000061035156,52.459999084472656,3618500.0,52.34157943725586
2021-10-04,52.52000045776367,51.560001373291016,52.060001373291016,52.33000183105469,3638300.0,52.211875915527344
2021-10-05,53.42499923706055,52.290000915527344,52.619998931884766,52.81999969482422,3524600.0,52.700767517089844
2021-10-06,52.709999084472656,51.61000061035156,52.130001068115234,52.61000061035156,2767500.0,52.491241455078125
2021-10-07,53.97999954223633,53.2400016784668,53.2400016784668,53.349998474121094,2225300.0,53.22956848144531
2021-10-08,53.209999084472656,51.459999084472656,52.939998626708984,51.5,3107200.0,51.38374710083008
2021-10-11,51.95000076293945,51.10100173950195,51.36000061035156,51.25,2566700.0,51.13431167602539
2021-10-12,51.439998626708984,50.08000183105469,51.28499984741211,50.29999923706055,6017700.0,50.18645477294922
2021-10-13,50.970001220703125,49.93000030517578,50.66999816894531,50.72999954223633,4474800.0,50.61548614501953
2021-10-14,53.04999923706055,51.290000915527344,51.369998931884766,53.0099983215332,5567200.0,52.89033508300781
2021-10-15,53.91999816894531,53.060001373291016,53.56999969482422,53.43000030517578,3602200.0,53.309391021728516
2021-10-18,54.02000045776367,52.90999984741211,52.97999954223633,53.97999954223633,2449600.0,53.85814666748047
2021-10-19,54.4900016784668,53.38999938964844,54.400001525878906,53.970001220703125,3360600.0,53.84817123413086
2021-10-20,54.58000183105469,53.720001220703125,54.220001220703125,54.02000045776367,3884100.0,53.8980598449707
2021-10-21,54.34000015258789,53.529998779296875,53.790000915527344,54.31999969482422,2397900.0,54.19738006591797
2021-10-22,55.099998474121094,54.38999938964844,54.77000045776367,54.65999984741211,3510600.0,54.53661346435547
2021-10-25,55.34000015258789,53.349998474121094,54.119998931884766,54.599998474121094,3312900.0,54.47674560546875
2021-10-26,54.880001068115234,53.68000030517578,54.70000076293945,53.72999954223633,2314700.0,53.60871124267578
2021-10-27,54.29999923706055,53.09000015258789,53.65999984741211,53.15999984741211,2673400.0,53.040000915527344
2021-10-28,54.505001068115234,52.630001068115234,53.209999084472656,54.41999816894531,3441300.0,54.41999816894531
2021-10-29,54.08000183105469,52.040000915527344,53.560001373291016,52.22999954223633,3955800.0,52.22999954223633
2021-11-01,52.66999816894531,51.86000061035156,52.349998474121094,52.16999816894531,2945900.0,52.16999816894531
